residues,RMSF
1,5.196950686521827
2,3.887705258742922
3,3.524117652542497
4,3.034682253654851
5,2.3874806275925953
6,2.5783930851279484
7,2.6892803066854905
8,3.000282686824988
9,3.5680943402747722
10,4.37183606493595
11,4.6229767747276815
12,4.142289677282672
13,3.9082439078562103
14,4.234577256194668
15,4.271038225675072
16,4.054618674300899
17,3.947820677508003
18,4.047401392769768
19,4.145493001385123
20,4.180435809742498
21,4.182844031713589
22,4.214533711622968
23,4.4726331216430655
24,4.659220119323565
25,4.52605873838511
26,4.344586450092397
27,4.503968599347004
28,4.304025951670906
29,4.30647231363025
30,3.8301161466347646
31,3.2881803757964025
32,2.8377255373775423
33,2.7585844470685625
34,2.744556567320379
35,2.675458653592286
36,2.6486634254420025
37,2.783275522277603
38,2.9176987827726775
39,3.0098538410800293
40,3.1110319293361326
41,2.940362830666303
42,2.6480529254971996
43,2.699878645622888
44,2.6977660622516666
45,2.499516465829816
46,2.532432840138196
47,2.7305294557159856
48,2.668692755996453
49,2.5046141241507374
50,2.6413250804657222
51,2.9170325685467957
52,3.1475434602769323
53,2.960035045704905
54,2.9564979947694012
55,2.9165885431786602
56,2.9395510851946645
57,3.059224703137164
58,3.118689370976459
59,3.2498231497435524
60,3.0797807223330267
61,2.8636603703637142
62,2.7062290848865995
63,2.389552860319409
64,2.2890861696396043
65,2.1594645672499793
66,2.292017116446467
67,2.1711263634441806
68,1.9893741163365934
69,2.08108636679722
70,2.202468436650542
71,2.0861879948478803
72,2.0673232694599193
73,2.320153583038112
74,2.36096047543417
75,2.2553163994511216
76,2.4552593921210937
77,2.7407293618275532
78,2.6366641492515113
79,2.576749995396254
80,2.7798952609358802
81,3.0216513840347083
82,2.994042133730855
83,3.3891200464723954
84,3.516942201332247
85,3.3865061806305103
86,3.244559816166165
87,2.962108125475372
88,2.6829997758604947
89,2.460178292158375
90,2.4224504944004446
91,2.39170674556036
92,2.540235621731365
93,2.682502811787822
94,2.7628756369849023
95,2.842104151309045
96,3.3155999156922777
97,3.3609040392219747
98,3.156779749699502
99,3.27876567102682
100,3.792209952426862
101,3.4875697175544857
102,3.3224941464430042
103,3.464094067955637
104,3.122945440875508
105,2.931801041117502
106,2.711481103404565
107,2.846849375414525
108,2.739825722249664
109,2.8448623427117714
110,3.1202811425795356
111,3.2208019558402357
112,3.186127333652516
113,2.987377217313405
114,2.9313685189449252
115,2.9083986870297958
116,3.1143874518979877
117,3.089199401037371
118,2.767067277335772
119,2.9787046646260875
120,2.987989987065953
121,3.2134275146170563
122,3.398386322445827
123,4.06018527229222
124,4.318999340647344
125,5.115243325534806
126,5.944360798820955
127,5.141930598626051
128,4.664764033506546
129,4.888973408425217
130,4.715216474645232
131,4.4052980579277
132,4.164180592982208
133,3.96489240982762
134,3.9578267654664474
135,4.029438229881818
136,4.054851915525387
137,4.146994330741821
138,4.194222178223296
139,4.775301214033661
140,5.038938824043634
141,4.977107366035992
142,4.287859825779917
143,3.86205667138181
144,3.451875233287137
145,3.3557812033175836
146,3.2443078601187874
147,3.09926386283367
148,3.1062528633341198
149,2.9390102497869095
150,2.738468828870504
151,2.706744833957453
152,3.1650892927071284
153,3.2064233903632404
154,3.5126121576761293
155,3.5092122881182903
156,3.5749745448797494
157,3.320947353738713
158,3.1759057509347928
159,2.9548647308195415
160,2.693745996100097
161,2.5229080088903784
162,2.268899237602225
163,2.2829208560173524
164,2.076203852592329
165,1.8011969805989096
166,1.7447307500488505
167,1.8045487908490738
168,1.8129305468614234
169,1.7697630874202779
170,1.8272033979768252
171,1.9151031134882261
172,2.1225872678137936
173,2.177015124021144
174,2.196725627301576
175,2.348245440301437
176,2.490780058555221
177,2.543632931310076
178,2.6483419095718075
179,2.824476925492412
180,2.944586548553794
181,3.0160249896439346
182,3.0644344057687816
183,2.900271981693244
184,2.9008988602583794
185,2.7304527192314234
186,2.4510452631072974
187,2.386758772515041
188,2.1295967964253615
189,1.9958612067950838
190,1.8509839024641306
191,1.7246300434384985
192,1.6529376056366856
193,1.5237546355213019
194,1.5515455015098731
195,1.4819192689317089
196,1.4547448074531588
197,1.5224039828555136
198,1.5472021357200225
199,1.6783755485498522
200,1.8400372676559882
201,1.8414901518310782
202,1.8735670635653778
203,1.8013773398288562
204,1.9155276462167186
205,1.9599448780156836
206,2.1214537013664723
207,2.085303373119114
208,1.8924896575265215
209,1.8189695209978327
210,1.7240715394746968
211,1.7247853492755092
212,1.799572886641951
213,2.0179392446938493
214,2.1045661045173176
215,1.90127728908804
216,1.7569324797505814
217,1.8113088337496885
218,1.6962845178710972
219,1.7816280315332318
220,1.8864814798062652
221,2.070169323771579
222,2.332842723105619
223,2.705250619568664
224,2.656717679468047
225,3.2198546134630774
226,2.681804134228502
227,2.4975140031176117
228,2.572768419279167
229,2.043734112552536
230,1.8866650690959295
231,1.7835176114994222
232,1.5996837129387982
233,1.5059612904138415
234,1.5213850858844649
235,1.5131358615929655
236,1.4618846996916846
237,1.47286993170715
238,1.5398784545924493
239,1.5229565168488024
240,1.4297279092717423
241,1.5675407908762944
242,1.6943898239432365
243,1.9429869478856308
244,2.057844701742324
245,2.28807670606768
246,2.4481756227458775
247,2.792846359038948
248,3.0255500364415164
249,2.73602124224084
250,2.6440679451820053
251,2.4218229628151167
252,2.361653326129419
253,2.1459168240226862
254,2.2511352027768394
255,2.1708497996921916
256,2.215470806336482
257,2.037790753416789
258,1.9121876823260033
259,1.830770531081302
260,1.7808031451403217
261,1.6544370517762617
262,1.6860531311790743
263,1.832438055285371
264,2.002622666200312
265,2.144429344690165
266,2.314205465378574
267,2.383279692187384
268,2.5679142327368987
269,2.8238810853318608
270,2.9246750342702423
271,3.123961252374733
272,2.9288970313303593
273,2.7878814186642122
274,2.5909205041819425
275,2.4772673371484855
276,2.157853132480493
277,1.9695988318252187
278,1.7056380923384644
279,1.6118772739812512
280,1.8083440298811848
281,1.493973413411067
282,1.7209919142777665
283,1.6572672521717149
284,1.4030677269512832
285,1.3082703056780745
286,1.2616083833264293
287,1.2793992956887514
288,1.4165761601995934
289,1.6486731904270453
290,1.8675771434213588
291,2.1926406394305333
292,2.493108150837097
293,3.074141049123338
294,3.586392775401357
295,3.124005035551426
296,2.8492962200144616
297,4.235543928988275
298,3.6473176958248406
299,3.236700683154657
300,2.4586287354207452
301,2.16921801841623
302,2.1000946235528035
303,2.0334708144817286
304,2.152640233947483
305,2.1627316170845177
306,2.040022334903835
307,2.1291225799038984
308,2.2661891921470745
309,2.1706078393539436
310,2.015868470671725
311,1.9154430397303972
312,1.7905400061025216
313,1.692808209748533
314,1.5822895144491635
315,1.4017234500436508
316,1.3500989391867608
317,1.2912310467381196
318,1.3949454641963583
319,1.3709989677149346
320,1.2911634322457362
321,1.2813937254005243
322,1.3678405437868293
323,1.4116903799101213
324,1.3828613358527477
325,1.3971287820264475
326,1.4429927595714864
327,1.5030498015147742
328,1.58188510309293
329,1.6172299408458857
330,1.6508570399703357
331,1.6840174623503505
332,1.8155981188478068
333,1.7826564614653613
334,1.6916944555847468
335,1.7563819705411463
336,1.778962344580075
337,1.8698622164049337
338,1.9641529123575914
339,1.769717565245375
340,1.6801665131471806
341,1.8406306628853426
342,1.8982994291324633
343,1.7259263348419926
344,1.7710408246823999
345,2.0973778379220676
346,2.081670587882189
347,1.8828619386853278
348,1.9905460230902212
349,2.086155304429518
350,2.277728140554764
351,2.520522845392071
352,2.872451775437698
353,3.6913943098519226
354,4.48181756165731
355,4.821311551661401
356,3.8539052115926324
357,3.2243352522885473
358,3.5986785218207
359,2.6385171488169177
360,2.0337239144342716
361,1.9949462891285337
362,2.050673027892625
363,2.3005413057596753
364,2.2926444814941376
365,2.3517672222037866
366,2.492317381211468
367,2.4747705969096265
368,2.077450935514747
369,1.9876273668583186
370,2.105625194245903
371,1.947558134529675
372,1.7310720414499525
373,1.8140519828316022
374,1.9261132394731983
375,1.7422324484478737
376,1.6164612521691297
377,1.7338069402519427
378,1.812337238925814
379,1.6521141641164891
380,1.6872837797979017
381,1.8551616805215954
382,1.9043348440384578
383,1.922325202285335
384,2.0401193329168095
385,2.1385605589760037
386,2.0800854627844125
387,2.0643105777019954
388,1.969186204944525
389,1.80059511154516
390,1.7106718559880751
391,1.7479696470557635
392,1.701996862313667
393,1.6672819233657528
394,1.7072635411554908
395,1.5738507222694895
396,1.4625796537805391
397,1.461912975880588
398,1.4442395213703796
399,1.3304991218196722
400,1.2919933149090463
401,1.3191652276829864
402,1.2278520371072335
403,1.2275580504709125
404,1.3035793900325299
405,1.6417487277505174
406,1.8075943834306014
407,1.7106049492274584
408,1.5103789659036684
409,1.5965091286792417
410,1.6862490611088372
411,1.5139735344654972
412,1.5483832226305212
413,1.49656043822271
414,1.569891094107991
415,1.633105238510479
416,1.6892536718992368
417,1.786798300450125
418,1.8397658893216702
419,1.9232082626295324
420,2.2513727743033822
421,2.4016908991491714
422,2.3104051019116283
423,2.1199119036267318
424,2.2456239063897288
425,1.9766956493380126
426,1.9402541850234762
427,2.0033266030012085
428,1.8758227761957005
429,1.8467013658167175
430,1.8481001935465184
431,1.8374396995295164
432,1.892837419337405
433,1.8663816490990583
434,1.850257848644109
435,1.7829714830730499
436,1.828760513869709
437,1.865770735921489
438,1.7356090639219701
439,1.6686672331585912
440,1.7862976321731403
441,1.8176994807538234
442,1.7824212380699391
443,1.6229379835849125
444,1.4918630169425173
445,1.4583307409546138
446,1.6711868178716482
447,1.6192416970035675
448,1.5815744070335749
449,1.6094982193036693
450,1.7224292637829777
451,1.7678206394562521
452,1.9483273842681492
453,1.9138529388329775
454,2.0234290666156953
455,2.0860156877802005
456,2.187767597979196
457,2.2953935816158744
458,2.4244905414784976
459,2.713664569381913
460,2.5212879784117197
461,2.501964353828931
462,2.681495985647233
463,2.3256899539872897
464,2.214999127670813
465,2.1051040218427324
466,2.132125671909529
467,2.055655095771289
468,1.8313665877451124
469,1.8179146496728305
470,1.6698209454966395
471,1.751759314768365
472,1.8132291453875322
473,1.7576477105543848
474,1.705621678080273
475,1.9622910078973925
476,2.2506015531493087
477,2.2822440874607826
478,2.1442741531170864
479,2.0511110575354614
480,2.0229008127285826
481,1.9381016546580345
482,1.944107130069213
483,1.7923505531851567
484,1.6642303559963514
485,1.6735625233668077
486,1.8141070497408691
487,1.9049011716061477
488,2.370932220401628
489,2.1721960773280493
490,2.2170160762148274
491,2.2012249985041685
492,2.190060225532098
493,2.347704949520762
494,2.46117587683712
495,2.3254061245259154
496,2.1261244966106925
497,2.1048748573729323
498,2.226715166468586
499,2.182307743078451
500,2.2862069520669595
501,2.2508409731158454
502,2.314065508569801
503,2.6094261865134083
504,2.511396874674736
505,2.302581534974926
506,2.388314486546786
507,2.3281627245421466
508,2.3571349034712687
509,2.32438487763328
510,2.4730236745738625
511,2.269230334871346
512,2.3633707642758335
513,2.2855717174465164
514,2.4820493980848957
515,2.4135853220505488
516,2.7366370591324745
517,2.711040489063189
518,2.3846426847256557
519,2.281525129598409
520,2.2587066379484764
521,2.118885082236037
522,2.125074523017472
523,2.027663051400906
524,2.1093130090523022
525,2.0659075463117484
526,2.1978098557559083
527,2.239687522924477
528,2.1204750486439474
529,2.231247713776534
530,2.3956570785957263
531,2.2416824759190686
532,2.1266310853395103
533,2.2784983032766557
534,2.415537382963176
535,2.2876132830260967
536,2.205233909166315
537,2.0768764481261877
538,2.1013680203196676
539,2.1703426622028927
540,2.1711789459479762
541,1.947636694537803
542,2.0056636632441274
543,2.0853331280866225
544,1.910149417326543
545,1.9946050415457903
546,2.320579287212605
547,2.2153777772804264
548,1.9789689684033183
549,1.9374087366923667
550,1.937849416139544
551,1.9221729141890425
552,1.9397945977679347
553,1.9266585748031542
554,2.008146030933509
555,1.9533486939645126
556,1.9933884753970488
557,1.9635573093706467
558,2.1571390457960704
559,2.162840970253804
560,1.8560250275952057
561,1.8167992819558225
562,1.7654906144031786
563,1.6529850571517828
564,1.6969148442500126
565,1.6590645310747794
566,1.7844026464145835
567,1.796876971860424
568,2.1082597830515244
569,1.915072027642349
570,1.6407395298280565
571,1.5180758859701318
572,1.4803577303992013
573,1.4055032024422323
574,1.497790359254374
575,1.615293119876808
576,1.7481063571383013
577,1.827252625965283
578,1.9907425220520802
579,2.254141597765611
580,1.8357693679080336
581,1.6862923790009323
582,1.620555809074874
583,1.5620241041646676
584,1.5729052464123414
585,1.6406660881816473
586,1.6834648178527174
587,1.8970765422935296
588,1.8313264265936555
589,1.8557351861361657
590,1.8002565028632342
591,1.8612180657063084
592,1.8426525495265467
593,1.9916082137987579
594,1.9439373295362405
595,1.971612450465317
596,2.0005665675094093
597,2.1691703734751497
598,2.335837311831145
599,2.225440787188599
600,2.1432751882700227
601,2.034339325792204
602,2.0133924017790634
603,2.0165202917234923
604,2.2137578682250023
605,2.2137687572406675
606,2.0341932231770823
607,2.094393389417719
608,2.121058297091018
609,2.2415816397888517
610,2.3239847458857668
611,2.4423241782426452
612,2.674713043773637
613,2.816203061424633
614,3.0918600326967023
615,2.832008669004172
616,2.579065044785523
617,2.340296461115309
618,2.3458228077008467
619,2.2662124666929153
620,2.2747039819788477
621,2.2684853987338514
622,2.3767928931412743
623,2.313025267418844
624,2.5752363093994006
625,2.7367989892874367
626,2.6765368237931124
627,2.7408490254311557
628,2.406680749346438
629,2.4031198547222345
630,2.312249866665778
631,2.333074761441947
632,2.283749670984064
633,2.342293170837047
634,2.4419759062619852
635,2.4101844160824477
636,2.4127017867879177
637,2.301934919594198
638,2.2978153057003903
639,2.292639170764432
640,2.2120820583879386
641,2.0171836761478072
642,1.8677519226321708
643,1.8593541916145295
644,1.708512973662292
645,1.5765908187801725
646,1.5866275028645604
647,1.5975619603671096
648,1.5021516209109311
649,1.4172652757188102
650,1.4745553109346168
651,1.5551503948518606
652,1.5275028221949032
653,1.475158354950647
654,1.512641997334907
655,1.5612696891823357
656,1.3968856231563027
657,1.342968590498556
658,1.4634127140465596
659,1.535986022705086
660,1.4198495577403012
661,1.4896334701162521
662,1.7467036420433608
663,2.0611917830384905
664,2.2169324361377316
665,2.021900166949495
666,2.0660909857870626
667,1.7848208902132607
668,1.5718789148692651
669,1.3595590516516172
670,1.342211967807824
671,1.37548065114342
672,1.4633842924677802
673,1.5390101609539717
674,1.5304821690307189
675,1.7061542817610922
676,1.8095111833057471
677,1.7566193336537683
678,1.9027015144426265
679,1.8019962631164081
680,1.8115239969486883
681,1.6522925172301384
682,1.6658501663430938
683,1.4850728103224395
684,1.4804199369263888
685,1.443850801009412
686,1.4025532703869235
687,1.6210176982585414
688,1.4380628182636286
689,1.5785066938000687
690,1.460784728985427
691,1.5388613483399058
692,1.4236968952094669
693,1.3260756808846887
694,1.3392173171647221
695,1.4520633940088166
696,1.594177406639801
697,1.469519514404624
698,1.2812224270297503
699,1.1612255485873095
700,1.3133659972247838
701,1.2534382770362038
702,1.213316093154211
703,1.2721589581559687
704,1.3486213369116498
705,1.3400777956195293
706,1.3034460560660082
707,1.427154538102577
708,1.5500699800262918
709,1.5657759909682045
710,1.6857028590015062
711,1.7066555486321375
712,1.5153761247543975
713,1.294970909296053
714,1.4446581808519365
715,1.5889291367613168
716,1.4697783182321116
717,1.3094266461425539
718,1.3953820594336648
719,1.8232749899312481
720,1.940287888070846
721,2.0955245280306105
722,2.645011488401068
723,2.492931062192397
724,2.5067555690091297
725,2.4550220670277167
726,2.6385285207579527
727,2.923675409153709
728,2.6822602912926268
729,2.716536970316573
730,3.124139891361499
731,4.183716775033155
732,4.3561094158552045
733,4.183533476374173
734,3.7737159882244633
735,3.805700852417134
736,3.7976460197658346
737,3.906100706394245
738,4.569003537389753
739,4.08598732502469
740,3.3819351084755302
741,3.4635285073133426
742,3.594497538195168
743,3.2777589706509906
744,3.0108758360754004
745,3.114822961362362
746,2.995934798919235
747,2.9033912812404234
748,3.436566822726225
749,3.804441206204784
750,4.067464919467189
751,4.139491613016843
752,3.3858686247195173
753,3.2822270980938355
754,3.6925526370081383
755,3.7659591401615184
756,4.014266334917271
757,4.73485472601563
758,3.9698792298489654
759,3.680671922452997
760,3.550935741844614
761,3.438221305132418
762,3.6519615126599656
763,3.855009193277008
764,4.423993367824665
765,4.365890638676289
766,3.12510329006483
767,2.7885641260437746
768,2.6621461378766105
769,2.2677488597147484
770,2.44616099160952
771,2.3867408193502704
772,2.2993386569663308
773,2.4537900714774104
774,2.5332336302152636
775,2.64486487028179
776,3.224996134078144
777,2.8854713459644836
778,2.587624089964271
779,2.3663058875336294
780,2.2794039726682547
781,2.1511005962317418
782,2.139220080730847
783,2.1772798567518237
784,2.165859270069439
785,2.5231090882408473
786,1.981142413205107
787,1.8436112306288355
788,1.9126061499420448
789,1.6378699742257268
790,1.595873516153559
791,1.628382039838189
792,1.617285818013202
793,1.4923484624978012
794,1.4847579678760745
795,1.4627924017815386
796,1.6233953985685026
797,1.4883769242611358
798,1.3672951505066062
799,1.2478654010842254
800,1.1970114251937667
801,1.3178687890515457
802,1.3783467825589142
803,1.557952996355888
804,1.5824613943215637
805,1.5041358878667996
806,1.3592252807917276
807,1.4682410953168163
808,1.4805376029955544
809,1.2748076597832274
810,1.259852343853885
811,1.1376960969631582
812,1.1777631124525285
813,1.0321149006745785
814,1.0400368804526576
815,1.095183601431654
816,1.203502903695092
817,1.4804371017093372
818,1.536105025464086
819,1.7126565342976394
820,1.81288607645093
821,1.8040185263877775
822,1.7067079284777087
823,1.8524389004259165
824,2.0360375255114023
825,2.2389394564217793
826,2.3049112365944278
827,2.346887317714465
828,1.942193527974914
829,1.8318896877068087
830,2.065256803120628
831,1.9883598416502353
832,1.8278544261766587
833,1.9602035006852485
834,2.0192545182956643
835,1.808355299807819
836,1.6490074997152664
837,1.7723470650553768
838,1.7032209772196103
839,1.474208300389584
840,1.6215736844405635
841,1.6615937259706124
842,1.7155636374143501
843,1.7405208619204102
844,1.5319156194348458
845,1.4551096138695527
846,1.357524870273305
847,1.26508966206041
848,1.371397503088156
849,1.847031771968403
850,2.219712929724892
851,1.5818165412725715
852,1.314233171491833
853,1.1545344714940449
854,1.1494886547528727
855,1.1942705736091224
856,1.3766228624221584
857,1.4767759977134198
858,1.5321296307096401
859,1.3305938762785379
860,1.1655791007963776
861,1.10378954338801
862,1.060400453766783
863,1.1457053342388688
864,1.2124411015134462
865,1.2823490677997826
866,1.3955906480754574
867,1.7753900726052698
868,2.5557829319933743
869,2.9759897994191187
870,2.877562567965708
871,2.7258290320161387
872,3.2425157479524094
873,2.9339523033015116
874,2.6763369481979122
875,2.6719733605748446
876,2.5638392985102643
877,1.8908944557932357
878,1.505099177921577
879,1.240676714999596
880,1.2041895905103221
881,1.1162995353863476
882,0.9897447013774381
883,0.995116596213526
884,1.0135905429560574
885,0.8995112186740593
886,0.9796683268197196
887,1.0682391646302867
888,1.0241441265013047
889,1.185519462606349
890,1.1084010516092222
891,1.0517100668542865
892,0.9726205739114331
893,0.9795161527885099
894,1.0154893918952363
895,1.1364654475419196
896,1.2774224768418017
897,1.3981981663702472
898,1.852875621561339
899,2.324654324588728
900,3.0757261956356343
901,2.4517187941415814
902,2.0825216235281796
903,1.8621736071792734
904,1.6559873155525229
905,1.654423154926359
906,1.626109792019204
907,1.6370679710733214
908,1.5091498587097218
909,1.4028920591355813
910,1.3979893429573427
911,1.4139895090042482
912,1.2715687893952001
913,1.13221198177972
914,1.1852831674886262
915,1.1660890640065666
916,1.0928713322100154
917,1.0819498535693346
918,1.0908387194754154
919,1.3616127352010239
920,1.1647704198663562
921,1.0334774374963402
922,1.0511230871687887
923,1.132694350881222
924,1.2300353198778151
925,1.447766765079539
926,1.6798449318096462
927,1.9486773140006401
928,1.999238051608777
929,1.786577657469572
930,1.8456418271443837
931,2.1081776856728682
932,2.057570920302216
933,1.881781580516843
934,2.0237567019460716
935,2.2296198068521615
936,2.0753346735817115
937,1.9272389524711433
938,1.9507698683924344
939,2.07627604992497
940,2.3021414515705767
941,2.615348485963832
942,2.7878153609390024
943,2.7274610426113126
944,2.9216811088592505
945,2.928382889455092
946,3.0531801993730996
947,3.2564646990084785
948,3.330411433592709
949,3.089102647477464
950,3.0950999576115845
951,3.3891019783765777
952,3.3876144637537493
953,3.2033130964397776
954,3.4071643667068714
955,3.6918334561121227
956,3.622961789822458
957,3.683012659408054
958,4.1181171461567505
959,4.145859961386804
960,3.8878924940746327
961,4.180477722093242
962,4.433064412394546
963,4.077433481143018
964,3.8899905221501068
965,3.6568489322152966
966,3.748298909026424
967,4.034112851402805
968,3.8101883136978922
969,3.6107195379074053
970,4.325699470534367
971,4.6394691085735085
972,3.953654170246869
973,3.234480664946257
974,3.042280633504241
975,2.9122869137540386
976,2.9621943058997653
977,2.890975775077507
978,2.7782616842194052
979,2.6001927412069468
980,2.4510842942620985
981,2.235896162564194
982,1.9800030704019425
983,1.7981197035288587
984,1.7243528916825772
985,1.75777430638488
986,1.87730836803788
987,1.9774792370974021
988,2.2259259016643016
989,2.325755148833237
990,2.169864787597276
991,2.450611668516298
992,2.4315750698025598
993,2.8832423484346474
994,2.877018594758724
995,2.882835429412177
996,3.115022545972916
997,3.6541907531630913
998,4.126506561528697
999,3.647796422267979
1000,2.9578830752371363
1001,2.8019415967798817
1002,2.9219508347105747
1003,2.7666753146917653
1004,2.7313961435538037
1005,2.613674838916465
1006,2.748515857404364
1007,2.9401870575329556
1008,3.023454755059597
1009,3.2278358414129356
1010,3.061979850301254
1011,2.7973324946548135
1012,3.041972723866082
1013,3.2417715261161604
1014,3.0197494984447157
1015,2.987674909673308
1016,3.382837573451881
1017,3.5006792737658334
1018,3.399305858121531
1019,3.5003920667190247
1020,3.3131390858080922
1021,3.4982700256310424
1022,3.644074590657443
1023,3.8441999462485232
1024,4.2805415529477155
1025,4.5287647796460195
1026,4.430516454821218
1027,3.8464542873270675
1028,3.842396799779971
1029,4.194011174164533
1030,4.032251834735136
1031,3.520668110371356
1032,3.156828001536534
1033,3.3392567522802863
1034,3.2284109695378955
1035,2.9336606156020135
1036,2.6822764016801517
1037,2.41490375583674
1038,2.3242556090919235
1039,2.2235910628213995
1040,2.317136560212753
1041,2.325390426047904
1042,2.2842151424770982
1043,2.359285250075091
1044,2.639993953215245
1045,2.720522828882145
1046,2.8661461640110515
1047,2.789272534883699
1048,2.8721338839432073
1049,2.731163078858925
1050,2.5124050947013696
1051,2.558128030856747
1052,2.6688520336804267
1053,2.6394620894682115
1054,2.5579997392598064
1055,2.766358300218251
1056,2.9481055092346935
1057,2.8038761466784683
1058,2.808289675231559
1059,2.5471895198750243
1060,2.2617647195295616
1061,2.060937887041649
1062,1.9195734260126869
1063,1.9645862369170373
1064,2.061925396583199
1065,2.1743052480111413
1066,2.3612306058838795
1067,2.461485134640527
1068,2.5360664255632415
1069,2.668022733212366
1070,2.74742983177004
1071,2.807351964019138
1072,3.089940975078302
1073,3.24083439384319
1074,3.4292212722515423
1075,3.6960808562537175
1076,3.9068341029954903
1077,3.8761080183130723
1078,3.6506470879121498
1079,3.58769136171819
1080,3.2165546225383266
1081,2.8852957847268117
1082,2.950198020979668
1083,2.8284154033789255
1084,2.76170394833671
1085,2.4972981776804004
1086,2.495841743343966
1087,2.297698555078392
1088,2.1239012011168037
1089,1.9102226179120607
1090,1.8474722822032696
1091,1.7287814343762464
1092,1.7124315609756162
1093,1.7239724599784343
1094,1.7820190110263487
1095,1.8159147933613855
1096,2.0105009725281278
1097,2.3877217119787217
1098,2.4073057368108524
1099,2.346665872753591
1100,2.402221140841935
1101,2.264731257103385
1102,2.381544934408648
1103,2.427891716821528
1104,2.1829663786120936
1105,2.2473005717950953
1106,2.348314127898563
1107,2.139604980088983
1108,2.135944760095404
1109,2.33934579910158
1110,2.142678607404101
1111,1.8999393889532583
1112,1.8667402848362968
1113,1.8029386624982422
1114,1.8126904012275988
1115,1.8202629824342145
1116,2.029332327355674
1117,2.230806422578195
1118,2.418655127875335
1119,2.5713066222344723
1120,2.5853583310134898
1121,2.6791718441586903
1122,3.1455046319086066
1123,2.9319074886463263
1124,2.9894550916999405
1125,3.337107274119369
1126,3.6983736821141604
1127,4.050455646078408
1128,4.049629572966893
1129,4.141283930902574
1130,4.047318788181281
1131,3.7654369101082077
1132,3.6945793306854373
1133,3.461686713945729
1134,3.4905290839741356
1135,3.3709255775332703
1136,3.339274129268528
1137,3.328995488398614
1138,3.6520011867844357
1139,4.151293929865462
1140,4.408974725134207
1141,4.402765186581382
1142,4.935952055106199
1143,5.669079818588612
1144,5.775447609916764
1145,5.506237158257513
1146,5.913416444322786
1147,5.027705458828071
1148,4.265362759664485
1149,3.512124903096282
1150,3.2046030607442573
1151,2.9734452274154575
1152,3.0691046402119255
1153,3.1400632834083724
1154,2.9337316229975388
1155,2.738212869139674
1156,2.517791025328284
1157,2.6727649994572134
1158,2.8367227331797804
1159,2.9763862088117916
1160,3.104666853667456
1161,3.212260293330293
1162,3.253247797458763
1163,3.387297836499733
1164,3.400651786842195
1165,3.5478272407132465
1166,3.7115589077480617
1167,3.7370605199737517
1168,3.872837765504739
1169,3.7558180617211043
1170,3.5000053710083554
1171,3.538423959143661
1172,3.4651978619962227
1173,3.2885589278356337
1174,3.2944603691753995
1175,3.3642057853992924
1176,3.228369908979765
1177,3.0724515070346845
1178,2.946442648575872
1179,2.8669321275457156
1180,2.9388817120878383
1181,2.9191389559518672
1182,2.7518820057879845
1183,2.811540221402921
1184,2.9087693433968624
1185,2.7141827795364177
1186,2.5710111253097727
1187,2.7399402819231495
1188,2.77764832217754
1189,2.823737740552917
1190,3.0262897658881105
1191,3.112552950016185
1192,3.171609499299096
1193,3.3748182450548283
1194,3.491180718609774
1195,3.719217321150007
1196,3.7596206003386348
1197,4.214527199879646
1198,4.126463507450364
1199,3.781276423962254
1200,3.452644721613824
1201,3.152423319837386
1202,3.1531701558334464
1203,3.1929115412542184
1204,2.9789541423245716
1205,2.955755053815671
1206,2.973053318453268
1207,2.9575893048753326
1208,2.9570747550539482
1209,2.7630328870289658
1210,2.5733499607466648
1211,2.5269365275553577
1212,2.5563401984517746
1213,2.4278357005674764
1214,2.3041570680342547
1215,2.4816174100743393
1216,2.600531621160491
1217,2.551482370899613
1218,2.522072400052678
1219,2.6436488362779715
1220,2.596155601878004
1221,2.3928269616551123
1222,2.545912696951685
1223,2.348084486511787
1224,2.015330598253347
1225,1.8527614345308483
1226,1.891760725982798
1227,1.7771991807628675
1228,1.6913693852298433
1229,1.686242253240843
1230,1.9070108223499942
1231,1.9642259365185462
1232,2.52684222950299
1233,2.5879601654424644
1234,3.1041137634437916
1235,3.4584871385814995
1236,3.1635444966954167
1237,3.072755947230849
1238,2.6106062248810518
1239,2.2026753815326034
1240,2.031580941851397
1241,1.7832733025186407
1242,2.034788414166179
1243,2.2354638184773137
1244,1.9875782700302569
1245,1.9148792444948897
1246,1.7380429487902465
1247,1.5614424239669165
1248,1.5866534750091985
1249,1.563669701898702
1250,1.8491972054369654
1251,1.9277029227124247
1252,1.6523597760032307
1253,1.5714481673773792
1254,1.7940247533328413
1255,1.879828525163993
1256,1.7492808258137542
1257,1.8428818717240751
1258,2.0578230946460487
1259,2.0804741100317177
1260,2.0761609585148966
1261,2.1273464314431094
1262,2.016993274862564
1263,2.0811807846754538
1264,2.4736073126618336
1265,2.300916801745025
1266,1.970450431247866
1267,1.5575788383288112
1268,1.4750494423296212
1269,1.353480502567722
1270,1.2952281394596505
1271,1.3510158373971448
1272,1.397744322303692
1273,1.5439687490348626
1274,1.698001604364193
1275,1.846835820539706
1276,2.0939821142115544
1277,2.187191017719059
1278,2.3739758212040125
1279,2.383727878454002
1280,2.400847653779077
1281,2.333838110162489
1282,2.2528516453541894
1283,2.205479067584286
1284,2.3866037295680598
1285,2.430521953715453
1286,3.0536932408325916
1287,2.427979975153527
1288,1.9109034036693022
1289,1.7362725672746337
1290,1.6732739501105551
1291,1.545974243677601
1292,1.60642554498856
1293,1.5581015765944
1294,1.4334657656580982
1295,1.369168832828725
1296,1.2836171758911028
1297,1.1721084401999329
1298,1.1935427038765378
1299,1.217155435375878
1300,1.2884512242906838
1301,1.4153851082522557
1302,1.366972995203557
1303,1.316436152233747
1304,1.2566483519920406
1305,1.2174176411939157
1306,1.248255674291403
1307,1.2190572110469315
1308,1.221393794055971
1309,1.2752688829613459
1310,1.3296319140794304
1311,1.4077907371745215
1312,1.397134310917381
1313,1.4845783507428365
1314,1.4622926923580546
1315,1.3204272272262545
1316,1.3499903153627206
1317,1.4879385403414933
1318,1.4481278056763278
1319,1.3630037275101672
1320,1.4988034998766535
1321,1.6345006173126446
1322,1.570997293686371
1323,1.5289636707895045
1324,1.68021137096893
1325,1.868907177371037
1326,1.8464808266239088
1327,1.965827793459301
1328,2.0006294907757054
1329,1.9725098957980816
1330,1.9912505173703763
1331,2.010220535546318
1332,2.257228527394952
1333,2.227067303577894
1334,2.342046722242588
1335,2.2162458789931727
1336,2.3502930359588756
1337,2.3050787099620402
1338,2.0255476921181463
1339,1.9434722191602196
1340,2.0294238402911136
1341,1.9185870005575225
1342,1.7603852624264085
1343,1.8457317921671195
1344,1.847846367675707
1345,1.7084441578251546
1346,1.7281775157384307
1347,1.835983518131494
1348,1.9560142203383382
1349,1.9718366103351828
1350,2.0238880823691274
1351,2.0811638538917046
1352,2.0696946083799626
1353,2.173624832059241
1354,2.2219841132817564
1355,2.113994199616669
1356,2.117260691560086
1357,1.98536481029494
1358,1.7443204993825359
1359,1.8752667518061954
1360,1.9240902952601107
1361,1.8495066695755962
1362,2.0299069913290877
1363,2.328611910289786
1364,2.3144843594827575
1365,2.1937780194242182
1366,2.388354705051887
1367,2.348312146223282
1368,1.817960541181655
1369,2.0629578821782992
1370,1.975973327232581
1371,1.866551523138733
1372,2.4341997774910453
1373,3.2041547742724323
1374,3.3006895145092088
1375,2.8229790458108965
1376,3.9841737904853676
1377,4.491962508186108
1378,4.1319721806891465
1379,4.599452531417454
1380,5.217831567917273
1381,4.677294372657117
1382,4.2528525571608204
1383,3.391104953383669
1384,4.561583260807524
1385,4.494782917487142
1386,3.420978092127645
1387,2.789885054390762
1388,2.1601224532244108
1389,1.8144314034365787
1390,1.7578808108553254
1391,1.5682710315996415
1392,1.5697074972303777
1393,1.1975314697478836
1394,1.1872354839376078
1395,1.1048822787244288
1396,1.0822623706125596
1397,1.0781636197780977
1398,1.156241705765035
1399,1.2464029276060975
1400,1.5542102898117203
1401,2.0188246474483136
1402,1.8879836582538427
1403,1.520535540988746
1404,1.5224034129254602
1405,1.5976242903413664
1406,1.719771974883217
1407,1.5147768899837197
1408,1.3638714343113905
1409,1.2163908060551238
1410,1.1762707028777857
1411,1.0989109234545003
1412,1.065337955009199
1413,1.2964861932104745
1414,1.6251033181878003
1415,2.077501745360593
1416,1.7677512216470315
1417,1.7100703413722558
1418,1.8052332283985824
1419,1.9875669482422738
1420,2.3487624337314306
1421,2.043706599351712
1422,1.9266809943369054
1423,2.226099584964656
1424,2.1802144345750896
1425,1.9338873353816726
1426,1.8635963168797711
1427,1.8904213737440658
1428,1.774848816588901
1429,1.6079699066677742
1430,1.5937744119517432
1431,1.632703876465397
1432,1.554879895637257
1433,1.4064916516092623
1434,1.509475697297459
1435,1.6023874149986936
1436,1.5361300562732314
1437,1.5746274508110554
1438,1.7533155852195565
1439,1.767939538410222
1440,1.700325415887297
1441,1.7367703243782697
1442,1.8567785953750167
1443,1.720187507553589
1444,1.5151363075421185
1445,1.3160090149950596
1446,1.2074639115519852
1447,1.1821550897388389
1448,1.3341749524333262
1449,1.6584234242903846
1450,1.818954621062402
1451,1.5883289188726808
1452,1.6404938506157771
1453,1.8474541449909296
1454,1.6782118151266974
1455,1.5651813141603117
1456,1.7354565934713764
1457,1.8979846375026885
1458,1.8319216679782877
1459,1.8593759767872915
1460,2.1060457268535018
1461,2.2036736092256666
1462,2.1833039359822255
1463,2.3060949821913956
1464,2.452791457904308
1465,2.2282459706078663
1466,2.0382204711630467
1467,1.8314414947671878
1468,1.6753670349268326
1469,1.587598691332522
1470,1.5053364212388596
1471,1.382739778665932
1472,1.348631389517353
1473,1.327196902159505
1474,1.368281061524497
1475,1.484479906346014
1476,1.575596783337889
1477,1.583452627661271
1478,1.6685672637811053
1479,1.7227200254521873
1480,1.9203549350414446
1481,2.1838348278336035
1482,2.1907163026234753
1483,1.844867451389574
1484,1.811993242039413
1485,2.0228195745904003
1486,1.9798640025349907
1487,1.8837247315435863
1488,2.0037497342977697
1489,1.9800744285334269
1490,1.8694032320953422
1491,1.963866319973706
1492,2.079140565628104
1493,1.9937840108761087
1494,1.991403973570856
1495,2.154455491475225
1496,2.1786857694711754
1497,2.351465028291121
1498,2.4989407622161006
1499,2.5620001391322327
1500,2.2890446634395363
1501,2.213764756772276
1502,2.4188959251302755
1503,2.3439865505083697
1504,2.0679211555632326
1505,2.186833457172743
1506,2.345218684510442
1507,2.1046403127893076
1508,1.9953282601556785
1509,2.2945539045738057
1510,2.3660315739650133
1511,2.2520217400384435
1512,2.1641035234793344
1513,1.8914013967583871
1514,1.8098195179149774
1515,1.7681099183180788
1516,1.8123356565762825
1517,1.9423104880589204
1518,1.8903075465433097
1519,1.9853288210200781
1520,2.01528145419005
1521,2.251286390584328
1522,2.246817069111711
1523,2.172644659740469
1524,2.12213993545233
1525,1.8559673743509204
1526,1.4883925811002439
1527,1.5914263881603345
1528,1.4232505665587931
1529,1.509624593891768
1530,1.4209655642022532
1531,1.4695636167237025
1532,1.338613813800469
1533,1.2377918692032106
1534,1.1725897439636372
1535,1.2318653332980498
1536,1.3136061491980588
1537,1.2270721146400305
1538,1.2119146292505327
1539,1.3565265316865052
1540,1.422094802931602
1541,1.3849795077746299
1542,1.465135808450489
1543,1.626573729444007
1544,1.7012864663659013
1545,1.7214125194102659
1546,1.8138056822574147
1547,1.9746830657298222
1548,1.941626953420375
1549,1.946163095688265
1550,2.051890885278624
1551,2.11509922427772
1552,2.2107032384640726
1553,2.193274197077736
1554,2.031895082917207
1555,1.9000825155423455
1556,1.6678650687194088
1557,1.4623439023463294
1558,1.3109810829356319
1559,1.1894205994861808
1560,1.248557521080048
1561,1.370598956213526
1562,1.3181062793959684
1563,1.3804294998755078
1564,1.350984577011784
1565,1.4301887884373405
1566,1.613273021756262
1567,1.788576679024618
1568,2.041852626529681
1569,2.2794498707051254
1570,2.2370881024845133
1571,2.224224505423106
1572,2.203176583249973
1573,2.2865314620453736
1574,2.2230037109989267
1575,2.3301923800900552
1576,2.0896372973948942
1577,1.9495040939936612
1578,2.0341723692246876
1579,1.973259278135925
1580,1.8564302761748552
1581,1.9101135527210378
1582,2.050156154177169
1583,2.039894877099199
1584,1.963894004142798
1585,1.880053731235332
1586,1.8746567753745564
1587,1.8506588748956152
1588,1.8479851939383907
1589,1.7558354411025419
1590,1.8219585774758094
1591,1.8169921295787765
1592,2.0175168017323375
1593,2.00752144684975
1594,2.0659780966878323
1595,1.8676649105517122
1596,1.5772917907467217
1597,1.4094647474268154
1598,1.259422594270745
1599,1.2251364299928769
1600,1.1832915554051477
1601,1.2820420008631774
1602,1.4472615374154807
1603,1.6127738507189826
1604,1.8708194557614588
1605,2.0564570472921555
1606,2.266553506629985
1607,2.1795477851242646
1608,1.871461045593116
1609,1.6953824455647353
1610,1.4904824599729267
1611,1.3903088823391854
1612,1.24115372167144
1613,1.276606624483724
1614,1.3016994066085585
1615,1.1611381670902259
1616,1.043285635171685
1617,1.1275960016788977
1618,1.1981120221028436
1619,1.0625458995449033
1620,1.0191995523831028
1621,1.066051217209407
1622,1.0604853623251695
1623,1.0158019406994754
1624,1.0546059574523243
1625,1.1477681146057952
1626,1.3719847593905568
1627,1.6210064342753432
1628,1.4539003162403605
1629,1.5362031537520757
1630,1.5624744633258696
1631,1.182829126685138
1632,1.0880160986715606
1633,1.0936098298586447
1634,1.0788652773457525
1635,0.981412552162155
1636,0.9780741813628245
1637,1.041295258692239
1638,0.9982887870078574
1639,0.9835223309018557
1640,1.0824820048544377
1641,1.1217408373925295
1642,1.1211543355850517
1643,1.2264393245578058
1644,1.3436246069267224
1645,1.4093050299537027
1646,1.4843357592896778
1647,1.6146878462970065
1648,1.918561717670411
1649,1.7772333890039342
1650,1.782617876520754
1651,2.0505017494839937
1652,1.9658723831786429
1653,1.803795554034664
1654,1.9565055926359392
1655,2.1035208662181524
1656,1.89736823125501
1657,1.7767108668361016
1658,1.9941722383941896
1659,2.0407134903380664
1660,1.8876174441105227
1661,1.9161748462263195
1662,2.094955310133254
1663,2.0188627632507403
1664,1.9866815139464853
1665,1.9635180734147788
1666,1.9305123441796694
1667,1.7619313450097271
1668,1.6783718318547345
1669,1.717169176418127
1670,1.575878846050046
1671,1.3749685300964032
1672,1.3784977275949022
1673,1.4129487029020042
1674,1.2511128569097951
1675,1.1397908803396246
1676,1.2277278597386676
1677,1.2521161545281063
1678,1.1476518863078875
1679,1.2060388403530293
1680,1.3250065846133088
1681,1.4994116972724136
1682,2.127997734775526
1683,2.123351229241522
1684,1.5880430623546322
1685,1.4061248257633465
1686,1.7229721977299404
1687,1.8013582150060634
1688,1.7000489176231255
1689,1.7089329613714637
1690,1.5469142064362633
1691,1.5432937474909034
1692,1.531035284527122
1693,1.5020763294629196
1694,1.6071650174789358
1695,1.6818398468380538
1696,1.7989239180209124
1697,2.061964008616032
1698,2.354737302433042
1699,2.5535475457634313
1700,2.880254466170204
1701,3.3943688051685523
1702,3.3697922644084777
1703,3.5323766962495915
1704,4.378015234390284
